{
  "editor:set-heading": [
    {
      "modifiers": [
        "Mod"
      ],
      "key": "1"
    }
  ],
  "editor:insert-wikilink": [
    {
      "modifiers": [
        "Alt",
        "Mod"
      ],
      "key": "K"
    }
  ],
  "obsidian-git:commit": [
    {
      "modifiers": [
        "Mod",
        "Shift"
      ],
      "key": "S"
    }
  ],
  "obsidian-git:push2": [
    {
      "modifiers": [
        "Mod",
        "Shift"
      ],
      "key": "P"
    }
  ],
  "workspace:goto-tab-1": [],
  "workspace:next-tab": [
    {
      "modifiers": [
        "Ctrl"
      ],
      "key": "PageDown"
    }
  ],
  "text-snippets-obsidian:text-snippets": [
    {
      "modifiers": [
        "Mod"
      ],
      "key": "Numpad2"
    }
  ],
  "editor:insert-tag": [
    {
      "modifiers": [
        "Mod"
      ],
      "key": "Numpad3"
    }
  ]
}