{
  "main": {
    "id": "8e51a053575b1449",
    "type": "split",
    "children": [
      {
        "id": "1204c64affcc0d8f",
        "type": "tabs",
        "children": [
          {
            "id": "9987cc07dd6d1df4",
            "type": "leaf",
            "state": {
              "type": "image",
              "state": {
                "file": "Высшая математика/assets/Pasted image 20240415225206.png"
              }
            }
          }
        ]
      }
    ],
    "direction": "vertical"
  },
  "left": {
    "id": "ffc067bbc512b150",
    "type": "split",
    "children": [
      {
        "id": "39d03a2ef9a82ed1",
        "type": "tabs",
        "children": [
          {
            "id": "ce29e5bd6a4a829a",
            "type": "leaf",
            "state": {
              "type": "file-explorer",
              "state": {
                "sortOrder": "alphabetical"
              }
            }
          },
          {
            "id": "3cd4e3e92f70865b",
            "type": "leaf",
            "state": {
              "type": "search",
              "state": {
                "query": "",
                "matchingCase": true,
                "explainSearch": false,
                "collapseAll": false,
                "extraContext": false,
                "sortOrder": "alphabetical"
              }
            }
          },
          {
            "id": "b1d02a862508d4e0",
            "type": "leaf",
            "state": {
              "type": "starred",
              "state": {}
            }
          },
          {
            "id": "b37bd3402013e793",
            "type": "leaf",
            "state": {
              "type": "bookmarks",
              "state": {}
            }
          }
        ]
      }
    ],
    "direction": "horizontal",
    "width": 379.5
  },
  "right": {
    "id": "3ec3e40450771e5b",
    "type": "split",
    "children": [
      {
        "id": "5c1e1a464ff09f7a",
        "type": "tabs",
        "children": [
          {
            "id": "bb1920e74149eed5",
            "type": "leaf",
            "state": {
              "type": "outline",
              "state": {
                "file": "Высшая математика/assets/Pasted image 20240415225206.png"
              }
            }
          },
          {
            "id": "c93c1b97ab1c6e69",
            "type": "leaf",
            "state": {
              "type": "tag",
              "state": {
                "sortOrder": "frequency",
                "useHierarchy": true
              }
            }
          },
          {
            "id": "dfc8ad7b13a30f0c",
            "type": "leaf",
            "state": {
              "type": "advanced-tables-toolbar",
              "state": {}
            }
          },
          {
            "id": "0fd23fa964e1c7e3",
            "type": "leaf",
            "state": {
              "type": "backlink",
              "state": {
                "file": "Высшая математика/assets/Pasted image 20240415225206.png",
                "collapseAll": false,
                "extraContext": false,
                "sortOrder": "alphabetical",
                "showSearch": false,
                "searchQuery": "",
                "backlinkCollapsed": false,
                "unlinkedCollapsed": true
              }
            }
          },
          {
            "id": "d0d0149fa453ecbf",
            "type": "leaf",
            "state": {
              "type": "outgoing-link",
              "state": {
                "file": "Высшая математика/assets/Pasted image 20240415225206.png",
                "linksCollapsed": false,
                "unlinkedCollapsed": true
              }
            }
          },
          {
            "id": "279b3bcf44ea6dde",
            "type": "leaf",
            "state": {
              "type": "all-properties",
              "state": {
                "sortOrder": "frequency",
                "showSearch": false,
                "searchQuery": ""
              }
            }
          },
          {
            "id": "5df01a74489c9f94",
            "type": "leaf",
            "state": {
              "type": "git-view",
              "state": {}
            }
          }
        ],
        "currentTab": 2
      }
    ],
    "direction": "horizontal",
    "width": 251.5
  },
  "left-ribbon": {
    "hiddenItems": {
      "switcher:Open quick switcher": false,
      "graph:Open graph view": false,
      "canvas:Create new canvas": false,
      "daily-notes:Open today's daily note": false,
      "templates:Insert template": false,
      "command-palette:Open command palette": false,
      "random-note:Open random note": false,
      "audio-recorder:Start/stop recording": false,
      "table-editor-obsidian:Advanced Tables Toolbar": false,
      "obsidian-excalidraw-plugin:Create new drawing": false
    }
  },
  "active": "ce29e5bd6a4a829a",
  "lastOpenFiles": [
    "Высшая математика/Конспект/Конспект ФБЗ.md",
    "Высшая математика/Содержание.md",
    "Высшая математика/Конспект/Конспект интеграл.md",
    "README.md",
    "Высшая математика/assets/Pasted image 20240415225206.png",
    "Высшая математика/assets/Pasted image 20240415225030.png",
    "Высшая математика/assets/Pasted image 20240415224914.png",
    "Высшая математика/assets/Pasted image 20240415224856.png",
    "Высшая математика/ОДЗ/Приклад ОДЗ \"ФБЗ\".md",
    "Высшая математика/Лекции/ФБЗ.md",
    "Высшая математика/ОДЗ/Приклад ОДЗ \"Інтеграл\".md",
    "Высшая математика/assets/Лекции/2.ПриклОДЗ ФБЗ.pdf",
    "Язык С/Содержание.md",
    "Дискретная математика/Содержание.md",
    "Дискретная математика/README.MD.md",
    "Высшая математика/assets/Pasted image 20240415220633.png",
    "Высшая математика/assets/Pasted image 20240415220408.png",
    "Высшая математика/assets/Pasted image 20240415220319.png",
    "Высшая математика/assets/Pasted image 20240415220101.png",
    "Высшая математика/assets/Pasted image 20240415215841.png",
    "Высшая математика/assets/Pasted image 20240415215736.png",
    "Высшая математика/Конспект",
    "Высшая математика/assets/Лекции/1.Лек інт визн.pdf",
    "Высшая математика/assets/Конспект",
    "Высшая математика/assets/Лекции",
    "Высшая математика/Лекции/Подвійні інтеграли.md",
    "Высшая математика/Лекции/Невласний інтеграл.md",
    "Высшая математика/Лекции/Невизначений інтеграл.md",
    "Высшая математика/Лекции/Визначений інтеграл.md",
    "Высшая математика/Лекции/main.md",
    "Высшая математика/assets/Лекции/3.ПриклОДЗ інт визн невл.pdf",
    "Высшая математика/assets/Лекции/2.Лек інт невл.pdf",
    "Высшая математика/assets/Лекции/2.ПриклОДЗ інт невизн.pdf",
    "Высшая математика/assets/Лекции/1.Лек інт невизн.pdf",
    "Высшая математика/ОДЗ",
    "Язык С/Лекции/Динамический массив.md",
    "Язык С/Лекции/Связные списки.md",
    "Язык С/Лекции/Очереди.md",
    "Язык С/Лекции/4. Функции printf() i scanf().md",
    "Язык С/Лекции/17. Абстрактні типи даних.md",
    "Язык С/Лекции/3. Операции и выражения.md",
    "Язык С/Лекции/2. Базовые понятия языка С.md",
    "Дискретная математика/Конспект/Тема 3.md",
    "Дискретная математика/Конспект/Тема 4.md",
    "Дискретная математика/Лекции/Тема 4.md",
    "Дискретная математика/assets/Untitled.canvas",
    "Без названия.canvas",
    "Без названия 2.canvas",
    "Без названия 1.canvas",
    "GIT/Без названия.canvas",
    "Assets/Без названия.canvas"
  ]
}